{
	"credit": "Made with Blockbench",
	"textures": {
		"0": "block/iron_block",
		"1": "block/cyan_wool",
		"particle": "block/iron_block"
	},
	"elements": [
		{
			"name": "leg",
			"from": [1, 0, 1],
			"to": [4, 10, 4],
			"faces": {
				"north": {"uv": [12, 5, 15, 15], "texture": "#0"},
				"east": {"uv": [1, 5, 4, 15], "texture": "#0"},
				"south": {"uv": [1, 1, 4, 11], "texture": "#0"},
				"west": {"uv": [12, 1, 15, 11], "texture": "#0"},
				"up": {"uv": [6, 4, 9, 7], "texture": "#0"},
				"down": {"uv": [0, 13, 3, 16], "texture": "#0"}
			}
		},
		{
			"name": "leg",
			"from": [1, 0, 12],
			"to": [4, 10, 15],
			"faces": {
				"north": {"uv": [5, 1, 8, 11], "texture": "#0"},
				"east": {"uv": [2, 4, 5, 14], "texture": "#0"},
				"south": {"uv": [7, 4, 10, 14], "texture": "#0"},
				"west": {"uv": [10, 1, 13, 11], "texture": "#0"},
				"up": {"uv": [6, 4, 9, 7], "texture": "#0"},
				"down": {"uv": [0, 0, 3, 3], "texture": "#0"}
			}
		},
		{
			"name": "leg",
			"from": [12, 0, 12],
			"to": [15, 10, 15],
			"faces": {
				"north": {"uv": [12, 2, 15, 12], "texture": "#0"},
				"east": {"uv": [3, 4, 6, 14], "texture": "#0"},
				"south": {"uv": [1, 2, 4, 12], "texture": "#0"},
				"west": {"uv": [9, 2, 12, 12], "texture": "#0"},
				"up": {"uv": [6, 4, 9, 7], "texture": "#0"},
				"down": {"uv": [13, 0, 16, 3], "texture": "#0"}
			}
		},
		{
			"name": "leg",
			"from": [2, 4, 4],
			"to": [3, 6, 12],
			"faces": {
				"north": {"uv": [10, 8, 11, 10], "texture": "#0"},
				"east": {"uv": [3, 4, 11, 6], "texture": "#0"},
				"south": {"uv": [1, 2, 2, 4], "texture": "#0"},
				"west": {"uv": [3, 12, 11, 14], "texture": "#0"},
				"up": {"uv": [6, 4, 7, 12], "texture": "#0"},
				"down": {"uv": [12, 2, 13, 10], "texture": "#0"}
			}
		},
		{
			"name": "leg",
			"from": [13, 4, 4],
			"to": [14, 6, 12],
			"faces": {
				"north": {"uv": [10, 8, 11, 10], "texture": "#0"},
				"east": {"uv": [3, 4, 11, 6], "texture": "#0"},
				"south": {"uv": [1, 2, 2, 4], "texture": "#0"},
				"west": {"uv": [3, 12, 11, 14], "texture": "#0"},
				"up": {"uv": [6, 4, 7, 12], "texture": "#0"},
				"down": {"uv": [12, 2, 13, 10], "texture": "#0"}
			}
		},
		{
			"name": "leg",
			"from": [4, 4, 2],
			"to": [12, 6, 3],
			"faces": {
				"north": {"uv": [3, 4, 11, 6], "texture": "#0"},
				"east": {"uv": [1, 2, 2, 4], "texture": "#0"},
				"south": {"uv": [3, 12, 11, 14], "texture": "#0"},
				"west": {"uv": [10, 8, 11, 10], "texture": "#0"},
				"up": {"uv": [6, 4, 7, 12], "rotation": 270, "texture": "#0"},
				"down": {"uv": [12, 2, 13, 10], "rotation": 90, "texture": "#0"}
			}
		},
		{
			"name": "leg",
			"from": [4, 4, 13],
			"to": [12, 6, 14],
			"faces": {
				"north": {"uv": [3, 4, 11, 6], "texture": "#0"},
				"east": {"uv": [1, 2, 2, 4], "texture": "#0"},
				"south": {"uv": [3, 12, 11, 14], "texture": "#0"},
				"west": {"uv": [10, 8, 11, 10], "texture": "#0"},
				"up": {"uv": [6, 4, 7, 12], "rotation": 270, "texture": "#0"},
				"down": {"uv": [12, 2, 13, 10], "rotation": 90, "texture": "#0"}
			}
		},
		{
			"name": "leg",
			"from": [12, 0, 1],
			"to": [15, 10, 4],
			"faces": {
				"north": {"uv": [1, 1, 4, 11], "texture": "#0"},
				"east": {"uv": [1, 5, 4, 15], "texture": "#0"},
				"south": {"uv": [12, 1, 15, 11], "texture": "#0"},
				"west": {"uv": [12, 5, 15, 15], "texture": "#0"},
				"up": {"uv": [6, 4, 9, 7], "texture": "#0"},
				"down": {"uv": [13, 13, 16, 16], "texture": "#0"}
			}
		},
		{
			"name": "seat",
			"from": [0, 10, 0],
			"to": [16, 14, 16],
			"faces": {
				"north": {"uv": [0, 2, 16, 6], "texture": "#1"},
				"east": {"uv": [0, 2, 16, 6], "texture": "#1"},
				"south": {"uv": [0, 2, 16, 6], "texture": "#1"},
				"west": {"uv": [0, 2, 16, 6], "texture": "#1"},
				"up": {"uv": [0, 0, 16, 16], "texture": "#1"},
				"down": {"uv": [0, 0, 16, 16], "texture": "#1"}
			}
		}
	],
	"display": {
		"thirdperson_righthand": {
			"rotation": [75, 45, 0],
			"translation": [0, 2.5, 0],
			"scale": [0.375, 0.375, 0.375]
		},
		"thirdperson_lefthand": {
			"rotation": [75, 45, 0],
			"translation": [0, 2.5, 0],
			"scale": [0.375, 0.375, 0.375]
		},
		"firstperson_righthand": {
			"rotation": [0, 45, 0],
			"scale": [0.4, 0.4, 0.4]
		},
		"firstperson_lefthand": {
			"rotation": [0, 225, 0],
			"scale": [0.4, 0.4, 0.4]
		},
		"ground": {
			"translation": [0, 3, 0],
			"scale": [0.25, 0.25, 0.25]
		},
		"gui": {
			"rotation": [30, 225, 0],
			"translation": [0, -2.75, 0],
			"scale": [0.39047, 0.39047, 0.39047]
		},
		"head": {
			"translation": [0, -33.75, 0],
			"scale": [1.39453, 1.39453, 1.39453]
		},
		"fixed": {
			"rotation": [0, 90, 0],
			"translation": [0, -4.75, -4],
			"scale": [0.58, 0.58, 0.58]
		}
	}
}