{
	"credit": "Made with Blockbench",
	"textures": {
		"1": "block/polished_blackstone",
		"2": "block/black_concrete",
		"3": "block/brown_wool",
		"particle": "block/brown_wool"
	},
	"elements": [
		{
			"from": [1.5, 0, 1.5],
			"to": [14.5, 13, 14.5],
			"faces": {
				"north": {"uv": [0, 0, 13, 13], "texture": "#1"},
				"east": {"uv": [0, 0, 13, 13], "texture": "#1"},
				"south": {"uv": [0, 0, 16, 16], "texture": "#1"},
				"west": {"uv": [0, 0, 13, 13], "texture": "#1"},
				"up": {"uv": [0, 0, 13, 13], "texture": "#1"},
				"down": {"uv": [0, 0, 13, 13], "texture": "#1"}
			}
		},
		{
			"from": [5.5, 13, 5.5],
			"to": [10.5, 14, 10.5],
			"faces": {
				"north": {"uv": [0, 0, 5, 1], "texture": "#2"},
				"east": {"uv": [0, 0, 5, 1], "texture": "#2"},
				"south": {"uv": [0, 0, 5, 1], "texture": "#2"},
				"west": {"uv": [0, 0, 5, 1], "texture": "#2"},
				"up": {"uv": [0, 0, 5, 5], "texture": "#2"},
				"down": {"uv": [0, 0, 5, 5], "texture": "#2"}
			}
		},
		{
			"from": [7.5, 14, 7.5],
			"to": [8.5, 17, 8.5],
			"faces": {
				"north": {"uv": [0, 0, 1, 3], "texture": "#3"},
				"east": {"uv": [0, 0, 1, 3], "texture": "#3"},
				"south": {"uv": [0, 0, 1, 3], "texture": "#3"},
				"west": {"uv": [0, 0, 1, 3], "texture": "#3"},
				"up": {"uv": [0, 0, 1, 1], "texture": "#3"},
				"down": {"uv": [0, 0, 1, 1], "texture": "#3"}
			}
		},
		{
			"from": [8.5, 17, 8.5],
			"to": [9.5, 18, 9.5],
			"faces": {
				"north": {"uv": [0, 0, 1, 1], "texture": "#3"},
				"east": {"uv": [0, 0, 1, 1], "texture": "#3"},
				"south": {"uv": [0, 0, 1, 1], "texture": "#3"},
				"west": {"uv": [0, 0, 1, 1], "texture": "#3"},
				"up": {"uv": [0, 0, 1, 1], "texture": "#3"},
				"down": {"uv": [0, 0, 1, 1], "texture": "#3"}
			}
		},
		{
			"from": [8.5, 16, 7.5],
			"to": [9.5, 18, 8.5],
			"faces": {
				"north": {"uv": [0, 0, 1, 2], "texture": "#3"},
				"east": {"uv": [0, 0, 1, 2], "texture": "#3"},
				"south": {"uv": [10, 8, 11, 10], "texture": "#3"},
				"west": {"uv": [0, 0, 1, 2], "texture": "#3"},
				"up": {"uv": [0, 0, 1, 1], "texture": "#3"},
				"down": {"uv": [0, 0, 1, 1], "texture": "#3"}
			}
		}
	],
	"display": {
		"head": {
			"translation": [0, -35, 0]
		}
	}
}