{
	"credit": "Made with Blockbench",
	"textures": {
		"0": "block/red_nether_bricks",
		"1": "block/brown_terracotta",
		"particle": "block/red_nether_bricks"
	},
	"elements": [
		{
			"from": [4, 0, 4],
			"to": [12, 8, 12],
			"faces": {
				"north": {"uv": [2, 8, 7, 13], "texture": "#0"},
				"east": {"uv": [2, 8, 7, 13], "texture": "#0"},
				"south": {"uv": [2, 8, 7, 13], "texture": "#0"},
				"west": {"uv": [2, 8, 7, 13], "texture": "#0"},
				"up": {"uv": [2, 8, 7, 13], "texture": "#0"},
				"down": {"uv": [2, 8, 7, 13], "texture": "#0"}
			}
		},
		{
			"from": [7.75, 8, 7.75],
			"to": [8.25, 10, 8.25],
			"faces": {
				"north": {"uv": [0, 0, 1, 3], "texture": "#1"},
				"east": {"uv": [0, 0, 1, 3], "texture": "#1"},
				"south": {"uv": [0, 0, 1, 3], "texture": "#1"},
				"west": {"uv": [0, 0, 1, 3], "texture": "#1"},
				"up": {"uv": [0, 0, 1, 1], "texture": "#1"},
				"down": {"uv": [0, 0, 1, 1], "texture": "#1"}
			}
		}
	],
	"display": {
		"head": {
			"translation": [0, -35, 0]
		}
	}
}