{
 "parent": "item/generated",
 "textures": {
  "layer0": "item/clay_ball"
 },

 "overrides": [
   { "predicate": {"custom_model_data": 370001}, "model": "item/carving_knife"},
   { "predicate": {"custom_model_data": 370002}, "model": "item/crystal_dagger"},
   { "predicate": {"custom_model_data": 370003}, "model": "item/infinity_dagger"},
   { "predicate": {"custom_model_data": 370004}, "model": "item/infinity_gavel"},
   { "predicate": {"custom_model_data": 370005}, "model": "item/dragontooth_club"},
   { "predicate": {"custom_model_data": 370006}, "model": "item/dragontooth_shiv"},
   { "predicate": {"custom_model_data": 370009}, "model": "item/wood_mallet"},
   { "predicate": {"custom_model_data": 370010}, "model": "item/iron_dirk"},
   { "predicate": {"custom_model_data": 370011}, "model": "item/wind_spire"},
   { "predicate": {"custom_model_data": 370012}, "model": "item/elf_blade"},
   { "predicate": {"custom_model_data": 370013}, "model": "item/burglars_shank"},
   { "predicate": {"custom_model_data": 370014}, "model": "item/shadow_dagger"},
   { "predicate": {"custom_model_data": 370015}, "model": "item/broken_trident"},
   { "predicate": {"custom_model_data": 370016}, "model": "item/wicked_kris"},
   { "predicate": {"custom_model_data": 370017}, "model": "item/dwarf_dagger"},
   { "predicate": {"custom_model_data": 370018}, "model": "item/iridium_needle"},
   { "predicate": {"custom_model_data": 370019}, "model": "item/infinity_dagger"},
   { "predicate": {"custom_model_data": 370020}, "model": "item/femur"},
   { "predicate": {"custom_model_data": 370021}, "model": "item/wood_club"},
   { "predicate": {"custom_model_data": 370022}, "model": "item/lead_rod"},
   { "predicate": {"custom_model_data": 370023}, "model": "item/kudgel"},
   { "predicate": {"custom_model_data": 370024}, "model": "item/the_slammer"},
   { "predicate": {"custom_model_data": 370025}, "model": "item/dwarf_hammer"},
   { "predicate": {"custom_model_data": 370026}, "model": "item/infinity_gavel"},
   { "predicate": {"custom_model_data": 370027}, "model": "item/wooden_dagger"},
   { "predicate": {"custom_model_data": 370028}, "model": "item/stone_dagger"},
   { "predicate": {"custom_model_data": 370029}, "model": "item/iron_dagger"},
   { "predicate": {"custom_model_data": 370030}, "model": "item/golden_dagger"},
   { "predicate": {"custom_model_data": 370031}, "model": "item/copper_dagger"},
   { "predicate": {"custom_model_data": 370032}, "model": "item/amethyst_dagger"},
   { "predicate": {"custom_model_data": 370033}, "model": "item/netherite_dagger"},
   { "predicate": {"custom_model_data": 370034}, "model": "item/wooden_hammer"},
   { "predicate": {"custom_model_data": 370035}, "model": "item/stone_hammer"},
   { "predicate": {"custom_model_data": 370036}, "model": "item/iron_hammer"},
   { "predicate": {"custom_model_data": 370037}, "model": "item/copper_hammer"},
   { "predicate": {"custom_model_data": 370038}, "model": "item/golden_hammer"},
   { "predicate": {"custom_model_data": 370039}, "model": "item/amethyst_hammer"},
   { "predicate": {"custom_model_data": 370040}, "model": "item/netherite_hammer"},
   { "predicate": {"custom_model_data": 370041}, "model": "item/aquamarine_hammer"},
   { "predicate": {"custom_model_data": 370042}, "model": "item/emerald_hammer"},
   { "predicate": {"custom_model_data": 370043}, "model": "item/jade_hammer"},
   { "predicate": {"custom_model_data": 370044}, "model": "item/ruby_hammer"},
   { "predicate": {"custom_model_data": 370045}, "model": "item/topaz_hammer"},
   { "predicate": {"custom_model_data": 370046}, "model": "item/aquamarine_dagger"},
   { "predicate": {"custom_model_data": 370047}, "model": "item/emerald_dagger"},
   { "predicate": {"custom_model_data": 370048}, "model": "item/jade_dagger"},
   { "predicate": {"custom_model_data": 370049}, "model": "item/ruby_dagger"},
   { "predicate": {"custom_model_data": 370050}, "model": "item/topaz_dagger"},
   { "predicate": {"custom_model_data": 370051}, "model": "item/radioactive_dagger"},
   { "predicate": {"custom_model_data": 370052}, "model": "item/radioactive_hammer"},
   { "predicate": {"custom_model_data": 370053}, "model": "item/slime_ring"},
   { "predicate": {"custom_model_data": 370054}, "model": "item/magnet_ring"},
   { "predicate": {"custom_model_data": 370055}, "model": "item/warrior_ring"},
   { "predicate": {"custom_model_data": 370056}, "model": "item/vampire_ring"},
   { "predicate": {"custom_model_data": 370057}, "model": "item/savage_ring"},
   { "predicate": {"custom_model_data": 370058}, "model": "item/empty_ring"},
   { "predicate": {"custom_model_data": 370060}, "model": "item/bomb_item"},
   { "predicate": {"custom_model_data": 370061}, "model": "item/mega_bomb_item"},
   { "predicate": {"custom_model_data": 370062}, "model": "item/cherry_bomb_item"},
   { "predicate": {"custom_model_data": 370063}, "model": "item/diamond_dagger"},
   { "predicate": {"custom_model_data": 370064}, "model": "item/unmilled_rice"},
   { "predicate": {"custom_model_data": 370065}, "model": "item/rhubarb"},
   { "predicate": {"custom_model_data": 370066}, "model": "item/ancient_fruit"},
   { "predicate": {"custom_model_data": 370067}, "model": "item/sweet_gem_berry"},
   { "predicate": {"custom_model_data": 370068}, "model": "item/tea_leaves"},
   { "predicate": {"custom_model_data": 370100}, "model": "item/legend"},
   { "predicate": {"custom_model_data": 370101}, "model": "item/crimsonfish"},
   { "predicate": {"custom_model_data": 370102}, "model": "item/angler"},
   { "predicate": {"custom_model_data": 370103}, "model": "item/glacierfish"},
   { "predicate": {"custom_model_data": 370104}, "model": "item/mutant_carp"},
   { "predicate": {"custom_model_data": 370105}, "model": "item/legend_ii"},
   { "predicate": {"custom_model_data": 370106}, "model": "item/son_of_crimsonfish"},
   { "predicate": {"custom_model_data": 370107}, "model": "item/ms_angler"},
   { "predicate": {"custom_model_data": 370108}, "model": "item/glacierfish_jr"},
   { "predicate": {"custom_model_data": 370109}, "model": "item/radioactive_carp"},
   { "predicate": {"custom_model_data": 370200}, "model": "item/geode"},
   { "predicate": {"custom_model_data": 370201}, "model": "item/alamite"},
   { "predicate": {"custom_model_data": 370202}, "model": "item/calcite_item"},
   { "predicate": {"custom_model_data": 370203}, "model": "item/celestine"},
   { "predicate": {"custom_model_data": 370204}, "model": "item/granite_item"},
   { "predicate": {"custom_model_data": 370205}, "model": "item/earth_crystal"},
   { "predicate": {"custom_model_data": 370206}, "model": "item/jagoite"},
   { "predicate": {"custom_model_data": 370207}, "model": "item/jamborite"},
   { "predicate": {"custom_model_data": 370208}, "model": "item/limestone"},
   { "predicate": {"custom_model_data": 370209}, "model": "item/malachite"},
   { "predicate": {"custom_model_data": 370210}, "model": "item/mudstone"},
   { "predicate": {"custom_model_data": 370211}, "model": "item/nekoite"},
   { "predicate": {"custom_model_data": 370212}, "model": "item/orpiment"},
   { "predicate": {"custom_model_data": 370213}, "model": "item/petrified_slime"},
   { "predicate": {"custom_model_data": 370214}, "model": "item/sandstone_item"},
   { "predicate": {"custom_model_data": 370215}, "model": "item/slate"},
   { "predicate": {"custom_model_data": 370216}, "model": "item/thunder_egg"},
   { "predicate": {"custom_model_data": 370217}, "model": "item/dwarvish_helm"},
   { "predicate": {"custom_model_data": 370218}, "model": "item/fire_quartz"},
   { "predicate": {"custom_model_data": 370219}, "model": "item/baryte"},
   { "predicate": {"custom_model_data": 370220}, "model": "item/basalt_item"},
   { "predicate": {"custom_model_data": 370221}, "model": "item/bixite"},
   { "predicate": {"custom_model_data": 370222}, "model": "item/dolomite"},
   { "predicate": {"custom_model_data": 370223}, "model": "item/dwarf_gadget"},
   { "predicate": {"custom_model_data": 370224}, "model": "item/fire_opal"},
   { "predicate": {"custom_model_data": 370225}, "model": "item/helvite"},
   { "predicate": {"custom_model_data": 370226}, "model": "item/jasper"},
   { "predicate": {"custom_model_data": 370227}, "model": "item/lemon_stone"},
   { "predicate": {"custom_model_data": 370228}, "model": "item/neptunite"},
   { "predicate": {"custom_model_data": 370229}, "model": "item/obsidian_item"},
   { "predicate": {"custom_model_data": 370230}, "model": "item/star_shards"},
   { "predicate": {"custom_model_data": 370231}, "model": "item/tigerseye"},
   { "predicate": {"custom_model_data": 370232}, "model": "item/frozen_tear"},
   { "predicate": {"custom_model_data": 370233}, "model": "item/aerinite"},
   { "predicate": {"custom_model_data": 370234}, "model": "item/esperite"},
   { "predicate": {"custom_model_data": 370235}, "model": "item/fairy_stone"},
   { "predicate": {"custom_model_data": 370236}, "model": "item/fluorapatite"},
   { "predicate": {"custom_model_data": 370237}, "model": "item/geminite"},
   { "predicate": {"custom_model_data": 370238}, "model": "item/ghost_crystal"},
   { "predicate": {"custom_model_data": 370239}, "model": "item/hematite"},
   { "predicate": {"custom_model_data": 370240}, "model": "item/kyanite"},
   { "predicate": {"custom_model_data": 370241}, "model": "item/lunarite"},
   { "predicate": {"custom_model_data": 370242}, "model": "item/marble"},
   { "predicate": {"custom_model_data": 370243}, "model": "item/ocean_stone"},
   { "predicate": {"custom_model_data": 370244}, "model": "item/opal"},
   { "predicate": {"custom_model_data": 370245}, "model": "item/pyrite"},
   { "predicate": {"custom_model_data": 370246}, "model": "item/soapstone"},
   { "predicate": {"custom_model_data": 370247}, "model": "item/ancient_drum"},
   { "predicate": {"custom_model_data": 370800}, "model": "item/mayonnaise"}
 ]


}