{
 "parent": "item/handheld",
 "textures": {
  "layer0": "item/diamond_hoe"
 },

 "overrides": [
  { "predicate": {"custom_model_data": 370001}, "model": "item/aquamarine_hoe"},
  { "predicate": {"custom_model_data": 370002}, "model": "item/ruby_hoe"},
  { "predicate": {"custom_model_data": 370003}, "model": "item/topaz_hoe"},
  { "predicate": {"custom_model_data": 370004}, "model": "item/jade_hoe"},
  { "predicate": {"custom_model_data": 370005}, "model": "item/emerald_hoe"},
  { "predicate": {"custom_model_data": 370006}, "model": "item/radioactive_hoe"}
 ]

 
}