{
 "parent": "item/generated",
 "textures": {
  "layer0": "item/ender_pearl"
 },

 "overrides": [
   { "predicate": {"custom_model_data": 370000}, "model": "item/fishing/bar0"},
   { "predicate": {"custom_model_data": 370001}, "model": "item/fishing/bar1"},
   { "predicate": {"custom_model_data": 370002}, "model": "item/fishing/bar2"},
   { "predicate": {"custom_model_data": 370003}, "model": "item/fishing/bar3"},
   { "predicate": {"custom_model_data": 370004}, "model": "item/fishing/bar4"},
   { "predicate": {"custom_model_data": 370005}, "model": "item/fishing/bar5"},
   { "predicate": {"custom_model_data": 370006}, "model": "item/fishing/bar6"},
   { "predicate": {"custom_model_data": 370007}, "model": "item/fishing/bar7"},
   { "predicate": {"custom_model_data": 370008}, "model": "item/fishing/bar8"},
   { "predicate": {"custom_model_data": 370009}, "model": "item/fishing/bar9"}


 ]

 
}