{
	"parent": "item/generated",
	"parent": "minecraft:item/template_spawn_egg",
	
	"overrides": [
		{"predicate": {"custom_model_data": 370001},"model": "item/ghast_spawn_egg/strawberry_seeds"},
		{"predicate": {"custom_model_data": 370002},"model": "item/ghast_spawn_egg/tomato_seeds"},
		{"predicate": {"custom_model_data": 370003},"model": "item/ghast_spawn_egg/blueberry_seeds"},
		{"predicate": {"custom_model_data": 370004},"model": "item/ghast_spawn_egg/coffee_bean"},
		{"predicate": {"custom_model_data": 370005},"model": "item/ghast_spawn_egg/pepper_seeds"},
		{"predicate": {"custom_model_data": 370006},"model": "item/ghast_spawn_egg/cranberry_seeds"},
		{"predicate": {"custom_model_data": 370007},"model": "item/ghast_spawn_egg/eggplant_seeds"},
		{"predicate": {"custom_model_data": 370008},"model": "item/ghast_spawn_egg/pineapple_seeds"},
		{"predicate": {"custom_model_data": 370009},"model": "item/ghast_spawn_egg/cauliflower_seeds"},
		{"predicate": {"custom_model_data": 370010},"model": "item/ghast_spawn_egg/garlic_seeds"},
		{"predicate": {"custom_model_data": 370011},"model": "item/ghast_spawn_egg/kale_seeds"},
		{"predicate": {"custom_model_data": 370012},"model": "item/ghast_spawn_egg/parsnip_seeds"},
		{"predicate": {"custom_model_data": 370013},"model": "item/ghast_spawn_egg/rhubarb_seeds"},
		{"predicate": {"custom_model_data": 370014},"model": "item/ghast_spawn_egg/rice_shoot"},
		{"predicate": {"custom_model_data": 370015},"model": "item/ghast_spawn_egg/melon1_seeds"},
		{"predicate": {"custom_model_data": 370016},"model": "item/ghast_spawn_egg/radish_seeds"},
		{"predicate": {"custom_model_data": 370017},"model": "item/ghast_spawn_egg/red_cabbage_seeds"},
		{"predicate": {"custom_model_data": 370018},"model": "item/ghast_spawn_egg/starfruit_seeds"},
		{"predicate": {"custom_model_data": 370019},"model": "item/ghast_spawn_egg/amaranth_seeds"},
		{"predicate": {"custom_model_data": 370020},"model": "item/ghast_spawn_egg/ancient_seeds"},
		{"predicate": {"custom_model_data": 370021},"model": "item/ghast_spawn_egg/artichoke_seeds"},
		{"predicate": {"custom_model_data": 370022},"model": "item/ghast_spawn_egg/jazz_seeds"},
		{"predicate": {"custom_model_data": 370023},"model": "item/ghast_spawn_egg/bok_choy_seeds"},
		{"predicate": {"custom_model_data": 370024},"model": "item/ghast_spawn_egg/cactus_seeds"},
		{"predicate": {"custom_model_data": 370025},"model": "item/ghast_spawn_egg/corn_seeds"},
		{"predicate": {"custom_model_data": 370026},"model": "item/ghast_spawn_egg/fairy_seeds"},
		{"predicate": {"custom_model_data": 370027},"model": "item/ghast_spawn_egg/grape_starter"},
		{"predicate": {"custom_model_data": 370028},"model": "item/ghast_spawn_egg/bean_starter"},
		{"predicate": {"custom_model_data": 370029},"model": "item/ghast_spawn_egg/hops_starter"},
		{"predicate": {"custom_model_data": 370030},"model": "item/ghast_spawn_egg/poppy_seeds"},
		{"predicate": {"custom_model_data": 370031},"model": "item/ghast_spawn_egg/spangle_seeds"},
		{"predicate": {"custom_model_data": 370032},"model": "item/ghast_spawn_egg/rare_seed"},
		{"predicate": {"custom_model_data": 370033},"model": "item/ghast_spawn_egg/tea_sapling"},
		{"predicate": {"custom_model_data": 370034},"model": "item/ghast_spawn_egg/tulip_bulb"},
		{"predicate": {"custom_model_data": 370035},"model": "item/ghast_spawn_egg/yam_seeds"}
	]
}