{
 "parent": "item/handheld",
 "textures": {
  "layer0": "item/iron_sword"
 },

 "overrides": [
  { "predicate": {"custom_model_data": 370001}, "model": "item/pirate_sword"},
  { "predicate": {"custom_model_data": 370002}, "model": "item/silver_saber"},
  { "predicate": {"custom_model_data": 370003}, "model": "item/cutlass1"},
  { "predicate": {"custom_model_data": 370004}, "model": "item/heavy_edge"},
  { "predicate": {"custom_model_data": 370005}, "model": "item/claymore"},
  { "predicate": {"custom_model_data": 370006}, "model": "item/rapier"},
  { "predicate": {"custom_model_data": 370007}, "model": "item/claymore"},
  { "predicate": {"custom_model_data": 370041}, "model": "item/copper_sword"}

 ]

 
}